id,subreddit,title,url,permalink,ups,num_comments,created_utc
1ofe2ah,me_irl,Me_irl,https://i.redd.it/9srpzsbjl5xf1.jpeg,https://www.reddit.com/r/me_irl/comments/1ofe2ah/me_irl/,22912,124,1761352586.0
1ofg2ar,PrequelMemes,Expert foreshadowing,https://i.redd.it/ee69xivi36xf1.jpeg,https://www.reddit.com/r/PrequelMemes/comments/1ofg2ar/expert_foreshadowing/,21630,104,1761358632.0
1ofcu3z,AdviceAnimals,MAGA weirdos have no concern for the future,https://i.redd.it/tunuyw8ra5xf1.jpeg,https://www.reddit.com/r/AdviceAnimals/comments/1ofcu3z/maga_weirdos_have_no_concern_for_the_future/,16515,252,1761348958.0
1ofttft,comedyheaven,Angela,https://i.redd.it/5yp9hpckw9xf1.jpeg,https://www.reddit.com/r/comedyheaven/comments/1ofttft/angela/,15864,116,1761404720.0
1ofirbg,funny,The ‚Äúrandomly generated code‚Äù my TV provider sent me,https://i.redd.it/6b9efnfwt6xf1.jpeg,https://www.reddit.com/r/funny/comments/1ofirbg/the_randomly_generated_code_my_tv_provider_sent_me/,10578,113,1761367503.0
1of95jy,me_irl,me_irl,https://i.redd.it/yiohr2hth4xf1.png,https://www.reddit.com/r/me_irl/comments/1of95jy/me_irl/,7917,245,1761339236.0
1ofhs98,memes,Which family dynamics do you have? ü§≠,https://i.redd.it/pov5cye2k6xf1.jpeg,https://www.reddit.com/r/memes/comments/1ofhs98/which_family_dynamics_do_you_have/,7674,81,1761364197.0
1of60sr,HistoryMemes,Less buildings more Allah,https://i.redd.it/ce0ga9rgv3xf1.gif,https://www.reddit.com/r/HistoryMemes/comments/1of60sr/less_buildings_more_allah/,7028,133,1761331764.0
1of85i5,AdviceAnimals,"So scared of a Clergyman, he peed himself while shooting the Clergyman",https://i.redd.it/3zz4r2mka4xf1.jpeg,https://www.reddit.com/r/AdviceAnimals/comments/1of85i5/so_scared_of_a_clergyman_he_peed_himself_while/,6388,113,1761336789.0
1of943y,AdviceAnimals,"Protestors are being kidnapped but it was totally worth it to stick it to the DNC, right?",https://i.redd.it/qkp38hweh4xf1.png,https://www.reddit.com/r/AdviceAnimals/comments/1of943y/protestors_are_being_kidnapped_but_it_was_totally/,6112,1173,1761339137.0
1ofnahz,me_irl,me_irl,https://i.redd.it/zmxxzmfm88xf1.jpeg,https://www.reddit.com/r/me_irl/comments/1ofnahz/me_irl/,5630,31,1761384562.0
1ofcvxh,memes,Only way to focus (deadly) on studies,https://i.redd.it/n4vumyq6b5xf1.png,https://www.reddit.com/r/memes/comments/1ofcvxh/only_way_to_focus_deadly_on_studies/,5220,33,1761349104.0
1of9tdx,dankmemes,every time,https://i.redd.it/cdyhmudnm4xf1.png,https://www.reddit.com/r/dankmemes/comments/1of9tdx/every_time/,4588,10,1761340880.0
1of8bk0,memes,Women's rights,https://i.redd.it/q8tafg3sb4xf1.jpeg,https://www.reddit.com/r/memes/comments/1of8bk0/womens_rights/,4462,145,1761337196.0
1ofh3pd,196,rulic,https://i.redd.it/inmnjxxed6xf1.jpeg,https://www.reddit.com/r/196/comments/1ofh3pd/rulic/,4438,98,1761361959.0
1ofe8mw,lotrmemes,Pretty Problematic,https://i.redd.it/9bknvh44n5xf1.jpeg,https://www.reddit.com/r/lotrmemes/comments/1ofe8mw/pretty_problematic/,4063,31,1761353114.0
1ofpov9,antimeme,Its not a bacon,https://i.redd.it/9shypdayy8xf1.jpeg,https://www.reddit.com/r/antimeme/comments/1ofpov9/its_not_a_bacon/,3802,102,1761393416.0
1of6uei,comedyheaven,D*g replacement theory,https://i.redd.it/7bpvscga14xf1.jpeg,https://www.reddit.com/r/comedyheaven/comments/1of6uei/dg_replacement_theory/,3390,100,1761333679.0
1of6y78,196,Rule-gpt,https://i.redd.it/kf45vib224xf1.jpeg,https://www.reddit.com/r/196/comments/1of6y78/rulegpt/,3352,108,1761333928.0
1ofuq9v,comedyheaven,Simp Mode deactivated,https://i.redd.it/7vom9u573axf1.jpeg,https://www.reddit.com/r/comedyheaven/comments/1ofuq9v/simp_mode_deactivated/,3351,66,1761406950.0
1ofoe6g,MemeEconomy,I'm always amazed by this economic nonsense.,https://i.redd.it/xxfwps77l8xf1.png,https://www.reddit.com/r/MemeEconomy/comments/1ofoe6g/im_always_amazed_by_this_economic_nonsense/,3178,72,1761388799.0
1of81t4,PrequelMemes,What a handsome man he is,https://i.redd.it/htyf6iou94xf1.jpeg,https://www.reddit.com/r/PrequelMemes/comments/1of81t4/what_a_handsome_man_he_is/,3024,12,1761336547.0
1ofpbmq,comedyheaven,roblox,https://i.redd.it/s82ectq8v8xf1.jpeg,https://www.reddit.com/r/comedyheaven/comments/1ofpbmq/roblox/,2998,56,1761392170.0
1ofb3q2,memes,I don't think they exist,https://i.redd.it/80q3rfgnw4xf1.jpeg,https://www.reddit.com/r/memes/comments/1ofb3q2/i_dont_think_they_exist/,2745,85,1761344214.0
1oflvnn,me_irl,me_irl,https://i.redd.it/bqsfy1yds7xf1.jpeg,https://www.reddit.com/r/me_irl/comments/1oflvnn/me_irl/,2719,64,1761379104.0
1ofcf1i,196,fake hoperule,https://i.redd.it/toqgmfga75xf1.jpeg,https://www.reddit.com/r/196/comments/1ofcf1i/fake_hoperule/,2573,108,1761347793.0
1oftxgv,lotrmemes,This made me giggle.,https://i.redd.it/28o3bpncx9xf1.jpeg,https://www.reddit.com/r/lotrmemes/comments/1oftxgv/this_made_me_giggle/,2473,20,1761404988.0
1of7gy4,196,Irule contra,https://i.redd.it/3i17t16q54xf1.jpeg,https://www.reddit.com/r/196/comments/1of7gy4/irule_contra/,2457,19,1761335160.0
1ofuyk4,memes,why is Reddit allergic to straight answers,https://i.redd.it/cnt3pz2v4axf1.jpeg,https://www.reddit.com/r/memes/comments/1ofuyk4/why_is_reddit_allergic_to_straight_answers/,2344,184,1761407513.0
1ofkhla,me_irl,me_irl,https://i.redd.it/ai1p40rgc7xf1.png,https://www.reddit.com/r/me_irl/comments/1ofkhla/me_irl/,2323,67,1761373747.0
1oflu2m,starterpacks,'Worst genre of man you can meet as an alternative woman' starter pack,https://i.redd.it/tnfb854tr7xf1.png,https://www.reddit.com/r/starterpacks/comments/1oflu2m/worst_genre_of_man_you_can_meet_as_an_alternative/,2207,381,1761378929.0
1ofcq5o,196,Console Wars Over Rule,https://i.redd.it/g1czag6v95xf1.jpeg,https://www.reddit.com/r/196/comments/1ofcq5o/console_wars_over_rule/,2200,125,1761348658.0
1ofqa9z,funny,"Well ***k you too, tollbooth",https://i.redd.it/3wyq0m0l49xf1.jpeg,https://www.reddit.com/r/funny/comments/1ofqa9z/well_k_you_too_tollbooth/,2198,27,1761395309.0
1ofllfx,memes,Cant prove it,https://i.redd.it/7lz100rzo7xf1.jpeg,https://www.reddit.com/r/memes/comments/1ofllfx/cant_prove_it/,2102,37,1761377961.0
1of8jv3,starterpacks,"""Actual 15-25yo steroid-user"" Starter Pack",https://i.redd.it/opccc7zgd4xf1.png,https://www.reddit.com/r/starterpacks/comments/1of8jv3/actual_1525yo_steroiduser_starter_pack/,2019,169,1761337764.0
1ofpt7s,terriblefacebookmemes,do not search diedsuddenly for context,https://i.redd.it/pyu6ysfrz8xf1.png,https://www.reddit.com/r/terriblefacebookmemes/comments/1ofpt7s/do_not_search_diedsuddenly_for_context/,1997,85,1761393800.0
1ofcub4,memes,This is how it feels to play games now,https://i.redd.it/j7xy9rvsa5xf1.jpeg,https://www.reddit.com/r/memes/comments/1ofcub4/this_is_how_it_feels_to_play_games_now/,1962,274,1761348973.0
1of699q,PrequelMemes,That's tuff,https://i.redd.it/86a4cxh9x3xf1.jpeg,https://www.reddit.com/r/PrequelMemes/comments/1of699q/thats_tuff/,1938,12,1761332314.0
1ofjxtv,memes,"No engine noise, no warning‚Ä¶ just The Silent Killer",https://i.redd.it/o0dq467e67xf1.png,https://www.reddit.com/r/memes/comments/1ofjxtv/no_engine_noise_no_warning_just_the_silent_killer/,1859,78,1761371706.0
1ofox1q,antimeme,This man is a feminist.,https://i.redd.it/jyblw6jxq8xf1.jpeg,https://www.reddit.com/r/antimeme/comments/1ofox1q/this_man_is_a_feminist/,1750,71,1761390719.0
1ofsggh,me_irl,me_irl,https://i.redd.it/s2m7sbvdm9xf1.jpeg,https://www.reddit.com/r/me_irl/comments/1ofsggh/me_irl/,1565,47,1761401298.0
1ofs9l8,196,Rule,https://i.redd.it/pwp2baqxk9xf1.jpeg,https://www.reddit.com/r/196/comments/1ofs9l8/rule/,1531,36,1761400812.0
1of6hnu,AdviceAnimals,Right now you can't even agree on what your Constitution says.,https://i.redd.it/nqt43w5lx3xf1.jpeg,https://www.reddit.com/r/AdviceAnimals/comments/1of6hnu/right_now_you_cant_even_agree_on_what_your/,1490,52,1761332842.0
1ofhgtn,196,rule,https://i.redd.it/6nqzv6fyg6xf1.png,https://www.reddit.com/r/196/comments/1ofhgtn/rule/,1477,36,1761363152.0
1ofefpx,AdviceAnimals,Tim Apple also made a donation for this ballroom bullshit.,https://i.redd.it/j1b1gzdqo5xf1.png,https://www.reddit.com/r/AdviceAnimals/comments/1ofefpx/tim_apple_also_made_a_donation_for_this_ballroom/,1448,96,1761353709.0
1of7m9t,memes,I feel that this is an ancient truth,https://i.redd.it/y7akbkdt64xf1.jpeg,https://www.reddit.com/r/memes/comments/1of7m9t/i_feel_that_this_is_an_ancient_truth/,1409,80,1761335526.0
1ofatcr,196,Rule,https://i.redd.it/69l91q4du4xf1.jpeg,https://www.reddit.com/r/196/comments/1ofatcr/rule/,1370,51,1761343445.0
1ofan5k,196,Rule,https://i.redd.it/jf1qgp51t4xf1.jpeg,https://www.reddit.com/r/196/comments/1ofan5k/rule/,1271,4,1761342997.0
1ofmcd0,antimeme,Differences between surgeon and plastic surgeon,https://i.redd.it/zlb0qrstx7xf1.jpeg,https://www.reddit.com/r/antimeme/comments/1ofmcd0/differences_between_surgeon_and_plastic_surgeon/,1229,87,1761380931.0
1ofp6kb,196,Rule,https://i.redd.it/izgcn7kst8xf1.jpeg,https://www.reddit.com/r/196/comments/1ofp6kb/rule/,1014,156,1761391682.0
1of8zko,AdviceAnimals,Considering pardons.,https://i.redd.it/pdqqfggng4xf1.jpeg,https://www.reddit.com/r/AdviceAnimals/comments/1of8zko/considering_pardons/,988,15,1761338833.0
1ofas5m,funny,Possibly the boldest statement from a restaurant I‚Äôve seen,https://i.redd.it/mkjutm63u4xf1.jpeg,https://www.reddit.com/r/funny/comments/1ofas5m/possibly_the_boldest_statement_from_a_restaurant/,979,207,1761343355.0
1of7x1l,memes,Alcohol Banzai,https://i.redd.it/x82dydvw84xf1.jpeg,https://www.reddit.com/r/memes/comments/1of7x1l/alcohol_banzai/,976,7,1761336231.0
1of80nc,antimeme,You can‚Äôt just walk up to the presidential residence,https://i.redd.it/bxbmqkvm94xf1.jpeg,https://www.reddit.com/r/antimeme/comments/1of80nc/you_cant_just_walk_up_to_the_presidential/,857,52,1761336474.0
1oftc3f,196,Rule,https://i.redd.it/e2472lb1t9xf1.png,https://www.reddit.com/r/196/comments/1oftc3f/rule/,855,25,1761403534.0
1ofoipx,AdviceAnimals,"So much history, demolished in days..",https://i.imgur.com/we1Cs21.jpeg,https://www.reddit.com/r/AdviceAnimals/comments/1ofoipx/so_much_history_demolished_in_days/,830,7,1761389269.0
1ofdy3p,196,rule,https://i.redd.it/b7sdr89hk5xf1.png,https://www.reddit.com/r/196/comments/1ofdy3p/rule/,820,22,1761352236.0
1ofovyw,2meirl4meirl,2meirl4meirl,https://i.redd.it/6ciogyblq8xf1.png,https://www.reddit.com/r/2meirl4meirl/comments/1ofovyw/2meirl4meirl/,806,8,1761390613.0
1ofv0vs,antimeme,He loves all women,https://i.redd.it/ysh80q3c5axf1.jpeg,https://www.reddit.com/r/antimeme/comments/1ofv0vs/he_loves_all_women/,803,53,1761407674.0
1ofsh2n,comedyheaven,Young Sheldon,https://i.redd.it/36o3cbsim9xf1.jpeg,https://www.reddit.com/r/comedyheaven/comments/1ofsh2n/young_sheldon/,786,10,1761401343.0
1ofhsqm,memes,Oh well that sucks,https://i.redd.it/nizrrof7k6xf1.jpeg,https://www.reddit.com/r/memes/comments/1ofhsqm/oh_well_that_sucks/,779,37,1761364243.0
1ofn5zb,memes,Management just ain't how I roll,https://i.redd.it/vo7kcfv378xf1.png,https://www.reddit.com/r/memes/comments/1ofn5zb/management_just_aint_how_i_roll/,770,14,1761384077.0
1ofamxp,memes,One of the worst tropes of all time.,https://i.redd.it/3cubapfzs4xf1.jpeg,https://www.reddit.com/r/memes/comments/1ofamxp/one_of_the_worst_tropes_of_all_time/,754,63,1761342981.0
1of8l5m,AdviceAnimals,The man has a history of mishandling damning classified documents.,https://i.redd.it/9jts5vupd4xf1.jpeg,https://www.reddit.com/r/AdviceAnimals/comments/1of8l5m/the_man_has_a_history_of_mishandling_damning/,744,26,1761337847.0
1ofq2kt,memes,my university's life,https://i.redd.it/pbvv0ozf29xf1.png,https://www.reddit.com/r/memes/comments/1ofq2kt/my_universitys_life/,739,39,1761394644.0
1ofoo7q,me_irl,me_irl,https://i.redd.it/adel0s0do8xf1.jpeg,https://www.reddit.com/r/me_irl/comments/1ofoo7q/me_irl/,730,17,1761389859.0
1oftb5q,me_irl,Me_irl,https://i.redd.it/5n08u07us9xf1.jpeg,https://www.reddit.com/r/me_irl/comments/1oftb5q/me_irl/,686,10,1761403471.0
1ofprnl,PrequelMemes,ROTS deleted scene ‚ò†Ô∏è‚ò†Ô∏èüíÄüíÄ,https://i.redd.it/obwpearoz8xf1.jpeg,https://www.reddit.com/r/PrequelMemes/comments/1ofprnl/rots_deleted_scene/,684,32,1761393664.0
1offk6t,memes,Erm‚Ä¶. I don‚Äôt know what to do with my hands,https://i.redd.it/gv35oxixy5xf1.jpeg,https://www.reddit.com/r/memes/comments/1offk6t/erm_i_dont_know_what_to_do_with_my_hands/,676,41,1761357089.0
1of9958,me_irl,Me irl,https://i.redd.it/6gzt37uki4xf1.jpeg,https://www.reddit.com/r/me_irl/comments/1of9958/me_irl/,647,10,1761339491.0
1ofew7c,196,I Already Know Some of You Fuckers are Gonna Like This (Rule),https://i.redd.it/0rjqbnsys5xf1.png,https://www.reddit.com/r/196/comments/1ofew7c/i_already_know_some_of_you_fuckers_are_gonna_like/,624,71,1761355083.0
1ofhqmg,me_irl,me_irl,https://i.redd.it/weq7xfmlj6xf1.jpeg,https://www.reddit.com/r/me_irl/comments/1ofhqmg/me_irl/,597,23,1761364041.0
1ofvkyq,196,Rule (art by uSpiderPolice),https://i.redd.it/3cs7o4ef9axf1.jpeg,https://www.reddit.com/r/196/comments/1ofvkyq/rule_art_by_uspiderpolice/,582,31,1761409045.0
1ofjq7w,antimeme,Kindergarten.,https://i.redd.it/r9ugykc247xf1.png,https://www.reddit.com/r/antimeme/comments/1ofjq7w/kindergarten/,573,60,1761370923.0
1ofxmq1,AdviceAnimals,At least call it what it really is,https://i.redd.it/o69342vznaxf1.jpeg,https://www.reddit.com/r/AdviceAnimals/comments/1ofxmq1/at_least_call_it_what_it_really_is/,564,10,1761413950.0
1ofn3th,2meirl4meirl,2meirl4meirl,https://i.redd.it/39qm6zuh68xf1.jpeg,https://www.reddit.com/r/2meirl4meirl/comments/1ofn3th/2meirl4meirl/,563,36,1761383847.0
1ofiljg,196,rule,https://i.redd.it/j0pnw82as6xf1.jpeg,https://www.reddit.com/r/196/comments/1ofiljg/rule/,562,51,1761366958.0
1ofli04,PrequelMemes,"Thank you for remembering only the important things, brain",https://i.redd.it/dn5lycuun7xf1.jpeg,https://www.reddit.com/r/PrequelMemes/comments/1ofli04/thank_you_for_remembering_only_the_important/,544,9,1761377578.0
1ofsyzh,196,Rule,https://i.redd.it/gitjlbpbq9xf1.jpeg,https://www.reddit.com/r/196/comments/1ofsyzh/rule/,543,15,1761402622.0
1ofmkct,AdviceAnimals,Trump Says He's 'Just Going to Kill People',https://i.redd.it/6ryf81jd08xf1.jpeg,https://www.reddit.com/r/AdviceAnimals/comments/1ofmkct/trump_says_hes_just_going_to_kill_people/,538,42,1761381795.0
1ofd6hg,HistoryMemes,Soviets be like when designing the TU-4,https://i.redd.it/1c5sdz5sd5xf1.jpeg,https://www.reddit.com/r/HistoryMemes/comments/1ofd6hg/soviets_be_like_when_designing_the_tu4/,537,26,1761349975.0
1ofcwaj,196,Prog sure hits different huh,https://i.redd.it/aq2fm06ab5xf1.jpeg,https://www.reddit.com/r/196/comments/1ofcwaj/prog_sure_hits_different_huh/,506,30,1761349134.0
1oftrzg,lotrmemes,Pain Olympics,https://i.redd.it/3r5x0k9aw9xf1.jpeg,https://www.reddit.com/r/lotrmemes/comments/1oftrzg/pain_olympics/,499,9,1761404625.0
1ofpn0e,196,But I'm not getting paid rule,https://i.redd.it/yrhkkdnfy8xf1.jpeg,https://www.reddit.com/r/196/comments/1ofpn0e/but_im_not_getting_paid_rule/,472,12,1761393241.0
1ofat3d,dankmemes,Stop saying What the Skibidi and What the Sigma and just say Fuck. Its ironic that the context of this clip was High School Musical.,https://i.redd.it/z2k33rw1u4xf1.gif,https://www.reddit.com/r/dankmemes/comments/1ofat3d/stop_saying_what_the_skibidi_and_what_the_sigma/,438,38,1761343427.0
1oflh9l,AdviceAnimals,Help a cat gave birth in my engine,https://i.redd.it/btyi9ailn7xf1.jpeg,https://www.reddit.com/r/AdviceAnimals/comments/1oflh9l/help_a_cat_gave_birth_in_my_engine/,420,37,1761377494.0
1ofjh8h,antimeme,man come man go,https://i.redd.it/fbssbuse17xf1.jpeg,https://www.reddit.com/r/antimeme/comments/1ofjh8h/man_come_man_go/,408,39,1761370030.0
1ofk1xf,terriblefacebookmemes,Whole internet is a hellsite,https://i.redd.it/0y6kn95m77xf1.jpeg,https://www.reddit.com/r/terriblefacebookmemes/comments/1ofk1xf/whole_internet_is_a_hellsite/,380,55,1761372118.0
1ofso49,196,Rule,https://i.redd.it/sfldvj51o9xf1.png,https://www.reddit.com/r/196/comments/1ofso49/rule/,365,10,1761401852.0
1oftr9a,memes,Yelling is lame,https://i.redd.it/556r0oz1w9xf1.png,https://www.reddit.com/r/memes/comments/1oftr9a/yelling_is_lame/,359,41,1761404575.0
1offhzt,me_irl,Me irl,https://i.redd.it/i5z27s6ey5xf1.jpeg,https://www.reddit.com/r/me_irl/comments/1offhzt/me_irl/,356,38,1761356907.0
1ofemlf,196,rule,https://i.redd.it/05ke426kq5xf1.jpeg,https://www.reddit.com/r/196/comments/1ofemlf/rule/,344,11,1761354273.0
1of9zbx,AdviceAnimals,I know the No Kings protests were seen as successful. Voting against the candidate you hate instead of the one you like is also really effective.,https://i.redd.it/qdknp78pn4xf1.jpeg,https://www.reddit.com/r/AdviceAnimals/comments/1of9zbx/i_know_the_no_kings_protests_were_seen_as/,342,15,1761341282.0
1ofbiby,HistoryMemes,"Confederates realizing you have to be in Union with Christ, not Confederation with Christ",https://i.redd.it/hq4vqeevz4xf1.jpeg,https://www.reddit.com/r/HistoryMemes/comments/1ofbiby/confederates_realizing_you_have_to_be_in_union/,341,19,1761345298.0
1ofjly1,memes,Maybe they were onto something,https://i.redd.it/9l6ry1po27xf1.jpeg,https://www.reddit.com/r/memes/comments/1ofjly1/maybe_they_were_onto_something/,322,63,1761370489.0
1ofufuc,funny,The impossible male beauty standards todays youth is exposed to..,https://i.redd.it/puv6f4a31axf1.jpeg,https://www.reddit.com/r/funny/comments/1ofufuc/the_impossible_male_beauty_standards_todays_youth/,311,9,1761406243.0
1ofj8fi,196,Better version,https://i.redd.it/dccuvwuty6xf1.jpeg,https://www.reddit.com/r/196/comments/1ofj8fi/better_version/,305,14,1761369162.0
1ofbn7d,lotrmemes,"Gives us that, Deagol, my love",https://i.redd.it/a5ej39az05xf1.jpeg,https://www.reddit.com/r/lotrmemes/comments/1ofbn7d/gives_us_that_deagol_my_love/,303,0,1761345670.0
1ofq1it,memes,Breaking news,https://i.redd.it/i5zwqoc629xf1.png,https://www.reddit.com/r/memes/comments/1ofq1it/breaking_news/,302,54,1761394548.0
1of76xk,me_irl,me_irl,https://i.redd.it/pntsjf4r34xf1.jpeg,https://www.reddit.com/r/me_irl/comments/1of76xk/me_irl/,292,6,1761334496.0
1off2hu,196,Ruledio,https://i.redd.it/lkuemecku5xf1.jpeg,https://www.reddit.com/r/196/comments/1off2hu/ruledio/,288,17,1761355620.0
1ofwofd,memes,It's not real art and I hate it unconditionally,https://i.redd.it/mzf5gy59haxf1.jpeg,https://www.reddit.com/r/memes/comments/1ofwofd/its_not_real_art_and_i_hate_it_unconditionally/,282,97,1761411679.0
1of5too,antimeme,Asking a question,https://i.redd.it/g9fqnua8u3xf1.jpeg,https://www.reddit.com/r/antimeme/comments/1of5too/asking_a_question/,282,31,1761331293.0
1of80nr,PrequelMemes,He didn't age well,https://i.redd.it/jn9hcrxm94xf1.jpeg,https://www.reddit.com/r/PrequelMemes/comments/1of80nr/he_didnt_age_well/,280,0,1761336475.0
1ofu3hj,antimeme,Haha Jonathan,https://i.redd.it/ffkiw8eiy9xf1.jpeg,https://www.reddit.com/r/antimeme/comments/1ofu3hj/haha_jonathan/,278,20,1761405383.0
1ofis7g,AdviceAnimals,Trump respects Putin more than his own crypto coin investors,https://i.redd.it/mgryx6e4u6xf1.jpeg,https://www.reddit.com/r/AdviceAnimals/comments/1ofis7g/trump_respects_putin_more_than_his_own_crypto/,273,12,1761367590.0
1ofrb3x,AdviceAnimals,I was wondering why Republicans kept making such a big deal out of mail in ballots..,https://i.redd.it/tlaqow16d9xf1.jpeg,https://www.reddit.com/r/AdviceAnimals/comments/1ofrb3x/i_was_wondering_why_republicans_kept_making_such/,271,9,1761398203.0
1ofae1y,funny,Confidence,https://i.redd.it/hbd1st02r4xf1.jpeg,https://www.reddit.com/r/funny/comments/1ofae1y/confidence/,264,14,1761342333.0
1of5s39,PrequelMemes,Old Republic Era Jedi make the Prequel Era Jedi look soft.,https://i.redd.it/uorsqfytt3xf1.jpeg,https://www.reddit.com/r/PrequelMemes/comments/1of5s39/old_republic_era_jedi_make_the_prequel_era_jedi/,255,1,1761331188.0
1ofoe2s,me_irl,Me_irl,https://i.redd.it/jwhj11r6l8xf1.jpeg,https://www.reddit.com/r/me_irl/comments/1ofoe2s/me_irl/,253,13,1761388788.0
1ofwzlc,memes,"If you don't struggle, you won't improve.",https://i.redd.it/eyzabkvfjaxf1.jpeg,https://www.reddit.com/r/memes/comments/1ofwzlc/if_you_dont_struggle_you_wont_improve/,238,41,1761412413.0
1ofuag3,lotrmemes,Things you never heard in LoTR,https://i.redd.it/egd66b9tz9xf1.png,https://www.reddit.com/r/lotrmemes/comments/1ofuag3/things_you_never_heard_in_lotr/,238,24,1761405871.0
1ofw0m6,memes,"Adventurer, we request upon your assistance!",https://i.redd.it/wb8bhn7kcaxf1.jpeg,https://www.reddit.com/r/memes/comments/1ofw0m6/adventurer_we_request_upon_your_assistance/,236,7,1761410100.0
1ofr6y0,memes,Ask it to my face,https://i.redd.it/v4kv6yk8c9xf1.jpeg,https://www.reddit.com/r/memes/comments/1ofr6y0/ask_it_to_my_face/,228,27,1761397885.0
1ofnjgu,me_irl,me irl,https://i.redd.it/m1c8cwigb8xf1.jpeg,https://www.reddit.com/r/me_irl/comments/1ofnjgu/me_irl/,225,6,1761385549.0
1ofvzju,me_irl,me_irl,https://i.redd.it/85fjfteccaxf1.jpeg,https://www.reddit.com/r/me_irl/comments/1ofvzju/me_irl/,225,2,1761410026.0
1ofble4,surrealmemes,"Can I borrow somebody‚Äôs Time Machine? Follow up question ‚Äì if yes, do you also have a mass cloning machine? Thanks in advance!",https://i.redd.it/qndph16f05xf1.jpeg,https://www.reddit.com/r/surrealmemes/comments/1ofble4/can_i_borrow_somebodys_time_machine_follow_up/,215,7,1761345536.0
1of7c5l,surrealmemes,Deliver us from evil,https://i.redd.it/pcstt5wp44xf1.jpeg,https://www.reddit.com/r/surrealmemes/comments/1of7c5l/deliver_us_from_evil/,215,2,1761334842.0
1ofti23,PrequelMemes,I was bored when I made this,https://i.redd.it/8rw268l9u9xf1.jpeg,https://www.reddit.com/r/PrequelMemes/comments/1ofti23/i_was_bored_when_i_made_this/,213,38,1761403948.0
1of6pil,2meirl4meirl,2meirl4meirl,https://i.redd.it/sh877wnd04xf1.jpeg,https://www.reddit.com/r/2meirl4meirl/comments/1of6pil/2meirl4meirl/,210,17,1761333361.0
1of8p3f,memes,McDonald‚Äôs: What if we made math optional?,https://i.redd.it/iew5bokge4xf1.jpeg,https://www.reddit.com/r/memes/comments/1of8p3f/mcdonalds_what_if_we_made_math_optional/,203,14,1761338105.0
1of8gtg,AdviceAnimals,Classic British Success,https://i.redd.it/ku5vrtpsc4xf1.jpeg,https://www.reddit.com/r/AdviceAnimals/comments/1of8gtg/classic_british_success/,202,5,1761337556.0
1ofov7t,starterpacks,everytime I download a new app starter pack,https://i.redd.it/s6fzhc2eq8xf1.jpeg,https://www.reddit.com/r/starterpacks/comments/1ofov7t/everytime_i_download_a_new_app_starter_pack/,201,5,1761390537.0
1offo9e,lotrmemes,I need this,https://i.redd.it/omjk4hcyz5xf1.png,https://www.reddit.com/r/lotrmemes/comments/1offo9e/i_need_this/,197,23,1761357433.0
1ofs0ck,antimeme,We are the same,https://i.redd.it/1uymx6oxi9xf1.jpeg,https://www.reddit.com/r/antimeme/comments/1ofs0ck/we_are_the_same/,191,19,1761400138.0
1ofxtf3,antimeme,Generous parents,https://i.redd.it/axgtvhb9paxf1.jpeg,https://www.reddit.com/r/antimeme/comments/1ofxtf3/generous_parents/,191,6,1761414391.0
1ofgr06,196,rule,https://i.redd.it/14ivt4k0a6xf1.jpeg,https://www.reddit.com/r/196/comments/1ofgr06/rule/,186,23,1761360817.0
1ofoujp,funny,So my dog has recently started sticking his tongue out ü§¶‚Äç‚ôÄÔ∏è,https://i.redd.it/0bcs1il6q8xf1.jpeg,https://www.reddit.com/r/funny/comments/1ofoujp/so_my_dog_has_recently_started_sticking_his/,184,38,1761390467.0
1oftgi3,2meirl4meirl,2meirl4meirl,https://i.redd.it/wpuwmrtxt9xf1.jpeg,https://www.reddit.com/r/2meirl4meirl/comments/1oftgi3/2meirl4meirl/,183,3,1761403837.0
1ofd731,AdviceAnimals,"Who‚Äôs gonna tell them, there‚Äôs a reason it‚Äôs called ‚Äúfeed‚Äù",https://i.redd.it/x8xkx27xd5xf1.jpeg,https://www.reddit.com/r/AdviceAnimals/comments/1ofd731/whos_gonna_tell_them_theres_a_reason_its_called/,182,3,1761350023.0
1ofhapr,memes,Who would've thunk it,https://i.redd.it/di782c6bf6xf1.jpeg,https://www.reddit.com/r/memes/comments/1ofhapr/who_wouldve_thunk_it/,181,8,1761362598.0
1ofdnur,memes,Conspiracy theories be like:,https://i.redd.it/y511hyhyh5xf1.gif,https://www.reddit.com/r/memes/comments/1ofdnur/conspiracy_theories_be_like/,180,15,1761351391.0
1of8tdy,196,rule,https://i.redd.it/4xjklftcf4xf1.jpeg,https://www.reddit.com/r/196/comments/1of8tdy/rule/,178,2,1761338408.0
1of8t8u,PrequelMemes,Ahsoka at least suspected there was something between Padm√© and Anakin and you can't convince me otherwise.,https://i.redd.it/4s8tzwoye4xf1.png,https://www.reddit.com/r/PrequelMemes/comments/1of8t8u/ahsoka_at_least_suspected_there_was_something/,172,16,1761338399.0
1ofenu4,funny,They drive pretty well too,https://i.redd.it/02o0icavq5xf1.jpeg,https://www.reddit.com/r/funny/comments/1ofenu4/they_drive_pretty_well_too/,171,19,1761354376.0
1of90zd,196,Fascist Rule does not rule,https://i.redd.it/711izctxg4xf1.jpeg,https://www.reddit.com/r/196/comments/1of90zd/fascist_rule_does_not_rule/,169,4,1761338931.0
1of8cee,HistoryMemes,16th Century Europeans after tasting that tobacky,https://i.redd.it/r6s2wgbyb4xf1.gif,https://www.reddit.com/r/HistoryMemes/comments/1of8cee/16th_century_europeans_after_tasting_that_tobacky/,160,10,1761337254.0
1ofyfeg,funny,Consistency,https://i.redd.it/t5trl83ntaxf1.jpeg,https://www.reddit.com/r/funny/comments/1ofyfeg/consistency/,154,28,1761415845.0
1ofl6y1,me_irl,me_irl,https://i.redd.it/ueootnh9k7xf1.jpeg,https://www.reddit.com/r/me_irl/comments/1ofl6y1/me_irl/,148,10,1761376371.0
1ofalf9,196,Rulescape,https://i.redd.it/e2nwyimns4xf1.jpeg,https://www.reddit.com/r/196/comments/1ofalf9/rulescape/,146,3,1761342871.0
1ofvg9x,AdviceAnimals,"I'm on first name basis with the drain guy though, so I've got that going for me.",https://i.redd.it/pzo8h4tf8axf1.jpeg,https://www.reddit.com/r/AdviceAnimals/comments/1ofvg9x/im_on_first_name_basis_with_the_drain_guy_though/,141,24,1761408713.0
1ofrr3r,lotrmemes,"Oooh, snap! Gottem",https://i.redd.it/ya4hs1vug9xf1.jpeg,https://www.reddit.com/r/lotrmemes/comments/1ofrr3r/oooh_snap_gottem/,138,5,1761399437.0
1ofm1c1,memes,"I mean, second chances are BS.",https://i.redd.it/okbyi1y7u7xf1.jpeg,https://www.reddit.com/r/memes/comments/1ofm1c1/i_mean_second_chances_are_bs/,137,96,1761379719.0
1ofwyog,AdviceAnimals,"If you don't struggle, you won't improve.",https://i.redd.it/qfax3qh9jaxf1.jpeg,https://www.reddit.com/r/AdviceAnimals/comments/1ofwyog/if_you_dont_struggle_you_wont_improve/,137,13,1761412354.0
1of9r6b,196,rule,https://i.redd.it/esc0g919l4xf1.png,https://www.reddit.com/r/196/comments/1of9r6b/rule/,136,13,1761340720.0
1of7lao,196,Slenderule,https://i.redd.it/ivsilsul64xf1.jpeg,https://www.reddit.com/r/196/comments/1of7lao/slenderule/,135,2,1761335455.0
1ofv7ul,196,Rule,https://i.redd.it/wlbhbi4q6axf1.jpeg,https://www.reddit.com/r/196/comments/1ofv7ul/rule/,127,3,1761408138.0
1ofhwcx,memes,Im gonna be your supercat.,https://i.redd.it/m83pwrc7l6xf1.jpeg,https://www.reddit.com/r/memes/comments/1ofhwcx/im_gonna_be_your_supercat/,127,0,1761364579.0
1offpmd,starterpacks,Listening to Tame Impala's new album and not being angry just very disappointed starter pack,https://i.redd.it/ecfziml506xf1.png,https://www.reddit.com/r/starterpacks/comments/1offpmd/listening_to_tame_impalas_new_album_and_not_being/,126,23,1761357545.0
1ofnuls,196,rule,https://i.redd.it/ijbj9jj2f8xf1.jpeg,https://www.reddit.com/r/196/comments/1ofnuls/rule/,126,7,1761386730.0
1of6p48,dankmemes,It‚Äôs a vicious cycle,https://i.redd.it/y8gi1jra04xf1.jpeg,https://www.reddit.com/r/dankmemes/comments/1of6p48/its_a_vicious_cycle/,122,2,1761333334.0
1ofnm94,me_irl,me irl,https://i.redd.it/4n526wegc8xf1.jpeg,https://www.reddit.com/r/me_irl/comments/1ofnm94/me_irl/,120,3,1761385856.0
1ofurgz,memes,Everything tastes... bland,https://i.redd.it/cf7of9j42axf1.jpeg,https://www.reddit.com/r/memes/comments/1ofurgz/everything_tastes_bland/,119,6,1761407033.0
1ofgxdj,196,woman rule,https://i.redd.it/n4dci43pb6xf1.jpeg,https://www.reddit.com/r/196/comments/1ofgxdj/woman_rule/,118,9,1761361381.0
1ofpxy4,memes,Am I the only one?,https://i.redd.it/puf1nyka19xf1.jpeg,https://www.reddit.com/r/memes/comments/1ofpxy4/am_i_the_only_one/,116,24,1761394224.0
1ofd5mx,memes,By Dr Seuss,https://i.redd.it/hgt8tt3id5xf1.jpeg,https://www.reddit.com/r/memes/comments/1ofd5mx/by_dr_seuss/,115,15,1761349905.0
1oft5ma,196,i survived rule,https://i.redd.it/y2dofbznr9xf1.png,https://www.reddit.com/r/196/comments/1oft5ma/i_survived_rule/,115,7,1761403086.0
1ofi3ho,196,"This was made with hate in my heart, rule.",https://i.redd.it/wo1pcd16n6xf1.jpeg,https://www.reddit.com/r/196/comments/1ofi3ho/this_was_made_with_hate_in_my_heart_rule/,112,6,1761365238.0
1ofwfy2,PrequelMemes,"Ani, are you okay?",https://i.redd.it/gkol6gljfaxf1.png,https://www.reddit.com/r/PrequelMemes/comments/1ofwfy2/ani_are_you_okay/,108,3,1761411117.0
1ofrbx1,lotrmemes,Big Day For NYT Spelling Bee,https://i.redd.it/l5668vadd9xf1.jpeg,https://www.reddit.com/r/lotrmemes/comments/1ofrbx1/big_day_for_nyt_spelling_bee/,108,3,1761398264.0
1oftfxx,comedyheaven,Interesting as fuck,https://i.redd.it/jyo309ltt9xf1.jpeg,https://www.reddit.com/r/comedyheaven/comments/1oftfxx/interesting_as_fuck/,106,8,1761403798.0
1ofwcmt,196,Matcha latte......,https://i.redd.it/uya32rrweaxf1.jpeg,https://www.reddit.com/r/196/comments/1ofwcmt/matcha_latte/,102,39,1761410889.0
1ofvmec,memes,I thought MythBusters was a family friendly show,https://i.redd.it/v4syobel9axf1.png,https://www.reddit.com/r/memes/comments/1ofvmec/i_thought_mythbusters_was_a_family_friendly_show/,102,5,1761409145.0
1ofd4tp,antimeme,SpongeBob,https://i.redd.it/49ef1haad5xf1.png,https://www.reddit.com/r/antimeme/comments/1ofd4tp/spongebob/,99,21,1761349840.0
1ofr5ux,196,Go Air Force,https://i.redd.it/h6j7ha10c9xf1.jpeg,https://www.reddit.com/r/196/comments/1ofr5ux/go_air_force/,99,20,1761397805.0
1ofum2c,starterpacks,Gen z middle school starter pack,https://i.redd.it/nzlttscc2axf1.jpeg,https://www.reddit.com/r/starterpacks/comments/1ofum2c/gen_z_middle_school_starter_pack/,98,16,1761406663.0
1ofhgfi,196,do yall have more cool fucking skeletons,https://i.redd.it/5tjjd3oug6xf1.jpeg,https://www.reddit.com/r/196/comments/1ofhgfi/do_yall_have_more_cool_fucking_skeletons/,98,8,1761363115.0
1ofg3k5,memes,It's been a long time coming.,https://i.redd.it/b8xne2ut36xf1.jpeg,https://www.reddit.com/r/memes/comments/1ofg3k5/its_been_a_long_time_coming/,96,9,1761358736.0
1ofal2k,antimeme,Show the man a little respect,https://i.redd.it/lk2lipies4xf1.jpeg,https://www.reddit.com/r/antimeme/comments/1ofal2k/show_the_man_a_little_respect/,91,13,1761342847.0
1ofvgu8,me_irl,Me_irl,https://i.redd.it/qs2yi45k8axf1.jpeg,https://www.reddit.com/r/me_irl/comments/1ofvgu8/me_irl/,91,4,1761408754.0
1ofmozu,memes,This actually works,https://i.redd.it/2t5q0crw18xf1.jpeg,https://www.reddit.com/r/memes/comments/1ofmozu/this_actually_works/,87,8,1761382305.0
1ofnj78,memes,The first rule of Bus Club,https://i.redd.it/bx5lp0wgb8xf1.gif,https://www.reddit.com/r/memes/comments/1ofnj78/the_first_rule_of_bus_club/,83,7,1761385523.0
1ofy2tg,AdviceAnimals,"It must be nice engaging in politics when you have no morals values, ethics, patriotism, decency or common sense...",https://i.redd.it/17w2k5q6raxf1.jpeg,https://www.reddit.com/r/AdviceAnimals/comments/1ofy2tg/it_must_be_nice_engaging_in_politics_when_you/,83,4,1761415018.0
1of9lf8,196,What do you mean they used ragan audio with out permissions? He's a historical figure who gave free speeches to the public are you supposed to ask permission?,https://i.redd.it/c7grezr2l4xf1.png,https://www.reddit.com/r/196/comments/1of9lf8/what_do_you_mean_they_used_ragan_audio_with_out/,83,3,1761340322.0
1ofl5bu,196,poodle rule,https://i.redd.it/thtmi5orj7xf1.jpeg,https://www.reddit.com/r/196/comments/1ofl5bu/poodle_rule/,82,4,1761376203.0
1ofyg5l,me_irl,me_irl,https://i.redd.it/1ddya1brtaxf1.jpeg,https://www.reddit.com/r/me_irl/comments/1ofyg5l/me_irl/,82,1,1761415890.0
1of7jxd,196,Cowgirl Rule,https://i.redd.it/wnhprhzb64xf1.jpeg,https://www.reddit.com/r/196/comments/1of7jxd/cowgirl_rule/,81,14,1761335363.0
1ofsglu,AdviceAnimals,Stupid fat thumbs,https://i.redd.it/8pxpmjxam9xf1.png,https://www.reddit.com/r/AdviceAnimals/comments/1ofsglu/stupid_fat_thumbs/,81,5,1761401308.0
1ofxl7f,me_irl,Me_irl,https://i.redd.it/ibdqh1bpnaxf1.jpeg,https://www.reddit.com/r/me_irl/comments/1ofxl7f/me_irl/,80,4,1761413846.0
1offx7o,196,Halrule,https://i.redd.it/3equnw4826xf1.jpeg,https://www.reddit.com/r/196/comments/1offx7o/halrule/,79,4,1761358196.0
1of7eta,me_irl,me_irl,https://i.redd.it/yzh1wgya54xf1.jpeg,https://www.reddit.com/r/me_irl/comments/1of7eta/me_irl/,79,1,1761335018.0
1ofucoy,me_irl,me_irl,https://i.redd.it/pfhdqrnf0axf1.png,https://www.reddit.com/r/me_irl/comments/1ofucoy/me_irl/,78,9,1761406029.0
1offb80,funny,Maximum stealth,https://i.redd.it/0xg8q8eqw5xf1.jpeg,https://www.reddit.com/r/funny/comments/1offb80/maximum_stealth/,78,4,1761356350.0
1oftgc8,PrequelMemes,TCW trio in a nutshell,https://i.redd.it/a3j7wkkwt9xf1.jpeg,https://www.reddit.com/r/PrequelMemes/comments/1oftgc8/tcw_trio_in_a_nutshell/,76,4,1761403825.0
1oflkw4,memes,I know this button is just for decoration but I just can't prove it,https://i.redd.it/lo9qkcdqo7xf1.png,https://www.reddit.com/r/memes/comments/1oflkw4/i_know_this_button_is_just_for_decoration_but_i/,76,2,1761377899.0
1ofsoad,me_irl,me_irl,https://i.redd.it/8awexfi2o9xf1.jpeg,https://www.reddit.com/r/me_irl/comments/1ofsoad/me_irl/,75,5,1761401865.0
1ofhg8l,196,rule,https://i.redd.it/4dk827xsg6xf1.jpeg,https://www.reddit.com/r/196/comments/1ofhg8l/rule/,74,4,1761363098.0
1ofo1cm,me_irl,me irl,https://i.redd.it/qli4coo6h8xf1.jpeg,https://www.reddit.com/r/me_irl/comments/1ofo1cm/me_irl/,74,2,1761387448.0
1ofqwhf,2meirl4meirl,2meirl4meirl,https://i.redd.it/u8swafnx99xf1.jpeg,https://www.reddit.com/r/2meirl4meirl/comments/1ofqwhf/2meirl4meirl/,74,2,1761397110.0
1offo1n,lotrmemes,Leggo my Faramir,https://i.redd.it/5zm7xwgwz5xf1.jpeg,https://www.reddit.com/r/lotrmemes/comments/1offo1n/leggo_my_faramir/,74,0,1761357416.0
1ofm7w6,196,Tom Scott Rule,https://i.redd.it/t0fmmaqaw7xf1.png,https://www.reddit.com/r/196/comments/1ofm7w6/tom_scott_rule/,73,11,1761380432.0
1ofer9v,memes,Small wins,https://i.redd.it/3qrb7qtqr5xf1.jpeg,https://www.reddit.com/r/memes/comments/1ofer9v/small_wins/,72,5,1761354671.0
1ofqlvi,antimeme,The cost was her,https://i.redd.it/4014hwlf79xf1.png,https://www.reddit.com/r/antimeme/comments/1ofqlvi/the_cost_was_her/,71,10,1761396270.0
1oflbq1,196,hello niche community üíô,https://i.redd.it/hzwvw4ppl7xf1.png,https://www.reddit.com/r/196/comments/1oflbq1/hello_niche_community/,69,13,1761376888.0
1ofot3d,2meirl4meirl,im2adhd4meirl,https://i.redd.it/hxffkdc9o8xf1.png,https://www.reddit.com/r/2meirl4meirl/comments/1ofot3d/im2adhd4meirl/,68,0,1761390322.0
1ofj9ol,memes,Nice try Diddy,https://i.redd.it/bcdj75p6z6xf1.jpeg,https://www.reddit.com/r/memes/comments/1ofj9ol/nice_try_diddy/,67,13,1761369282.0
1oftq6y,196,Rule,https://i.redd.it/cs72qudxv9xf1.png,https://www.reddit.com/r/196/comments/1oftq6y/rule/,67,6,1761404506.0
1ofh4gm,memes,‚ÄúLet‚Äôs go Blue Jays!‚Äù - Ronald Reagan,https://i.redd.it/sazxi7kmd6xf1.jpeg,https://www.reddit.com/r/memes/comments/1ofh4gm/lets_go_blue_jays_ronald_reagan/,66,14,1761362030.0
1ofv6cf,196,Rule.,https://i.redd.it/69t5dnfe6axf1.png,https://www.reddit.com/r/196/comments/1ofv6cf/rule/,65,10,1761408042.0
1ofr51f,memes,Psycopaths,https://i.redd.it/ziwb3m1tb9xf1.png,https://www.reddit.com/r/memes/comments/1ofr51f/psycopaths/,63,2,1761397745.0
1ofabaw,196,WHAT,https://i.redd.it/8t54ppqfq4xf1.png,https://www.reddit.com/r/196/comments/1ofabaw/what/,63,2,1761342131.0
1of8zl3,196,rule,https://i.redd.it/95qm4ebng4xf1.png,https://www.reddit.com/r/196/comments/1of8zl3/rule/,62,1,1761338834.0
1ofa7at,me_irl,Me_irl,https://i.redd.it/dpq1u9slp4xf1.jpeg,https://www.reddit.com/r/me_irl/comments/1ofa7at/me_irl/,60,5,1761341844.0
1of6zg2,196,üñïrule,https://i.redd.it/tmxntkta24xf1.jpeg,https://www.reddit.com/r/196/comments/1of6zg2/rule/,60,2,1761334007.0
1ofepwz,196,feedback loop rule,https://i.redd.it/aj6r280br5xf1.jpeg,https://www.reddit.com/r/196/comments/1ofepwz/feedback_loop_rule/,58,2,1761354550.0
1of65t1,196,I still can‚Äôt believe he‚Äôs gone,https://i.redd.it/03dx145lw3xf1.jpeg,https://www.reddit.com/r/196/comments/1of65t1/i_still_cant_believe_hes_gone/,58,1,1761332086.0
1ofmw6n,memes,I'm something of a celebrity myself,https://i.redd.it/q80v7ai348xf1.jpeg,https://www.reddit.com/r/memes/comments/1ofmw6n/im_something_of_a_celebrity_myself/,57,9,1761383058.0
1ofsrd7,196,#rule,https://i.redd.it/9arkfupqo9xf1.jpeg,https://www.reddit.com/r/196/comments/1ofsrd7/rule/,54,1,1761402089.0
1oflfnf,AdviceAnimals,In the words of Patrick Hoppy... Pretty sure it was him.,https://i.imgur.com/55d1d5S.png,https://www.reddit.com/r/AdviceAnimals/comments/1oflfnf/in_the_words_of_patrick_hoppy_pretty_sure_it_was/,54,0,1761377315.0
1ofdryr,memes,FFFFFFFFFF,https://i.redd.it/de224xzyi5xf1.jpeg,https://www.reddit.com/r/memes/comments/1ofdryr/ffffffffff/,53,12,1761351720.0
1ofre5l,196,rule,https://i.redd.it/mc4db5tvd9xf1.jpeg,https://www.reddit.com/r/196/comments/1ofre5l/rule/,53,6,1761398438.0
1ofbg9c,196,WIP artstyle study,https://i.redd.it/r8tw92p7z4xf1.png,https://www.reddit.com/r/196/comments/1ofbg9c/wip_artstyle_study/,52,5,1761345142.0
1oftbkc,2meirl4meirl,2meirl4meirl,https://i.redd.it/k35ekccxs9xf1.jpeg,https://www.reddit.com/r/2meirl4meirl/comments/1oftbkc/2meirl4meirl/,52,4,1761403497.0
1ofvg2k,comedyheaven,Wallpaper,https://i.redd.it/sc4qge4e8axf1.png,https://www.reddit.com/r/comedyheaven/comments/1ofvg2k/wallpaper/,52,3,1761408698.0
1of6adl,memes,Spooktober‚Äôs favorite microtransaction is back by less than popular demand!,https://i.redd.it/ck5sycihx3xf1.jpeg,https://www.reddit.com/r/memes/comments/1of6adl/spooktobers_favorite_microtransaction_is_back_by/,52,2,1761332388.0
1ofxfzj,funny,Oo OOOOOOOOOO,https://i.redd.it/lufhmdgnmaxf1.jpeg,https://www.reddit.com/r/funny/comments/1ofxfzj/oo_oooooooooo/,51,14,1761413496.0
1ofcac0,AdviceAnimals,She sounds like a lady I don't want to mess with,https://i.redd.it/zwbbcxb565xf1.png,https://www.reddit.com/r/AdviceAnimals/comments/1ofcac0/she_sounds_like_a_lady_i_dont_want_to_mess_with/,50,18,1761347435.0
1ofi6g2,196,im tired and i just wanna get some sleep man. rule,https://i.redd.it/99039u50o6xf1.jpeg,https://www.reddit.com/r/196/comments/1ofi6g2/im_tired_and_i_just_wanna_get_some_sleep_man_rule/,50,4,1761365521.0
1oft0vp,196,"Another day, another average r/196 user",https://i.redd.it/nyyyql6qq9xf1.jpeg,https://www.reddit.com/r/196/comments/1oft0vp/another_day_another_average_r196_user/,49,5,1761402756.0
1ofkbeb,196,Rule,https://i.redd.it/xyedlwoja7xf1.jpeg,https://www.reddit.com/r/196/comments/1ofkbeb/rule/,48,3,1761373101.0
1ofr0o1,memes,Thank you for looking dumb for me ü´°,https://i.redd.it/ui6fmj1ua9xf1.jpeg,https://www.reddit.com/r/memes/comments/1ofr0o1/thank_you_for_looking_dumb_for_me/,47,3,1761397411.0
1ofrrg4,surrealmemes,You are not immune to propaganda,https://i.redd.it/n1zujmdxg9xf1.jpeg,https://www.reddit.com/r/surrealmemes/comments/1ofrrg4/you_are_not_immune_to_propaganda/,47,2,1761399463.0
1of93g8,196,boss makes a dollar i make a dime that's why i vibe on company time,https://i.redd.it/tkykmywch4xf1.jpeg,https://www.reddit.com/r/196/comments/1of93g8/boss_makes_a_dollar_i_make_a_dime_thats_why_i/,44,13,1761339093.0
1ofgwoy,antimeme,Its pain medication,https://i.redd.it/bgn3zwyfb6xf1.png,https://www.reddit.com/r/antimeme/comments/1ofgwoy/its_pain_medication/,42,12,1761361324.0
1ofqixs,lotrmemes,Stop Blaming Gondor,https://i.redd.it/2zz1efro69xf1.png,https://www.reddit.com/r/lotrmemes/comments/1ofqixs/stop_blaming_gondor/,39,19,1761396036.0
1ofgqk9,196,"Me playing Sims 4, and turning all the NCP‚Äôs that walk by my house gay and trans",https://i.redd.it/40i6uc4w96xf1.gif,https://www.reddit.com/r/196/comments/1ofgqk9/me_playing_sims_4_and_turning_all_the_ncps_that/,39,3,1761360775.0
1of81ww,196,Nutellica,https://i.redd.it/n0kv3sbv94xf1.jpeg,https://www.reddit.com/r/196/comments/1of81ww/nutellica/,39,2,1761336554.0
1of7g34,196,can i offer you some more tomboy in these trying times?,https://i.redd.it/mos7aqrf54xf1.png,https://www.reddit.com/r/196/comments/1of7g34/can_i_offer_you_some_more_tomboy_in_these_trying/,39,1,1761335105.0
1ofea30,196,Rule,https://i.redd.it/u4y3whngn5xf1.jpeg,https://www.reddit.com/r/196/comments/1ofea30/rule/,38,3,1761353231.0
1of8192,PrequelMemes,General booger,https://i.redd.it/ea19fjyq94xf1.jpeg,https://www.reddit.com/r/PrequelMemes/comments/1of8192/general_booger/,38,0,1761336513.0
1ofv5b8,starterpacks,Comics Fan Starter Pack.,https://i.redd.it/cbcr64456axf1.png,https://www.reddit.com/r/starterpacks/comments/1ofv5b8/comics_fan_starter_pack/,37,3,1761407976.0
1ofj0rm,196,a conversation between my brain and i recently:,https://i.redd.it/r98vvk0mw6xf1.jpeg,https://www.reddit.com/r/196/comments/1ofj0rm/a_conversation_between_my_brain_and_i_recently/,36,6,1761368415.0
1ofljy9,me_irl,Me_irl,https://i.redd.it/du04z10ho7xf1.gif,https://www.reddit.com/r/me_irl/comments/1ofljy9/me_irl/,36,3,1761377795.0
1ofx43b,196,Dick rules,https://i.redd.it/8e49yaebkaxf1.jpeg,https://www.reddit.com/r/196/comments/1ofx43b/dick_rules/,36,2,1761412707.0
1ofj2hl,memes,Works for an evil king after all...,https://i.redd.it/q13srz02x6xf1.png,https://www.reddit.com/r/memes/comments/1ofj2hl/works_for_an_evil_king_after_all/,35,14,1761368565.0
1ofwfkr,antimeme,Origin story,https://i.redd.it/rsq1an2hfaxf1.png,https://www.reddit.com/r/antimeme/comments/1ofwfkr/origin_story/,35,7,1761411090.0
1ofqfl2,lotrmemes,He is not welcome!,https://i.redd.it/p6z6bxlw59xf1.jpeg,https://www.reddit.com/r/lotrmemes/comments/1ofqfl2/he_is_not_welcome/,34,1,1761395754.0
1ofrewv,me_irl,me_irl,https://i.redd.it/g22uok52e9xf1.jpeg,https://www.reddit.com/r/me_irl/comments/1ofrewv/me_irl/,34,1,1761398498.0
1ofwhsm,196,The rule of wisdom,https://i.redd.it/evd4ignyfaxf1.jpeg,https://www.reddit.com/r/196/comments/1ofwhsm/the_rule_of_wisdom/,33,1,1761411243.0
1of6r7z,196,Rule,https://i.redd.it/08tbacvp04xf1.jpeg,https://www.reddit.com/r/196/comments/1of6r7z/rule/,32,1,1761333475.0
1of8rbn,funny,"Damn you, Amazon!",https://i.redd.it/6l5to93ye4xf1.jpeg,https://www.reddit.com/r/funny/comments/1of8rbn/damn_you_amazon/,31,10,1761338262.0
1ofvtab,196,bo diddley rule,https://i.redd.it/wh9m86b4baxf1.jpeg,https://www.reddit.com/r/196/comments/1ofvtab/bo_diddley_rule/,30,3,1761409615.0
1oflh32,me_irl,Me_irl,https://i.redd.it/wutjupljn7xf1.jpeg,https://www.reddit.com/r/me_irl/comments/1oflh32/me_irl/,30,1,1761377474.0
1ofvg1j,me_irl,Me_irl,https://i.redd.it/qjoh3uyd8axf1.jpeg,https://www.reddit.com/r/me_irl/comments/1ofvg1j/me_irl/,30,0,1761408696.0
1ofijdn,memes,"More high school ""originals"" isnt helping",https://i.redd.it/411e69xlr6xf1.png,https://www.reddit.com/r/memes/comments/1ofijdn/more_high_school_originals_isnt_helping/,29,3,1761366744.0
1ofmlc6,PrequelMemes,"If you ask me, red Adi Gallia > > > > > > blue Adi Gallia!",https://i.redd.it/oshy3a3n08xf1.jpeg,https://www.reddit.com/r/PrequelMemes/comments/1ofmlc6/if_you_ask_me_red_adi_gallia_blue_adi_gallia/,28,13,1761381904.0
1ofrx43,memes,Its time I leave this planet.,https://i.redd.it/lrj2jtb3i9xf1.jpeg,https://www.reddit.com/r/memes/comments/1ofrx43/its_time_i_leave_this_planet/,28,5,1761399895.0
1ofikqa,196,Rule,https://i.redd.it/gevn15r1s6xf1.jpeg,https://www.reddit.com/r/196/comments/1ofikqa/rule/,28,5,1761366880.0
1ofpylo,memes,He said to relax....,https://i.redd.it/sq5ykkli19xf1.jpeg,https://www.reddit.com/r/memes/comments/1ofpylo/he_said_to_relax/,27,13,1761394280.0
1ofulh2,memes,Unnecessary changesü•Ä,https://i.redd.it/2wi9ng382axf1.png,https://www.reddit.com/r/memes/comments/1ofulh2/unnecessary_changes/,26,7,1761406625.0
1of7kkm,196,screenshot from the new katamari game I thought was funny (rule),https://i.redd.it/hkc4xdif64xf1.jpeg,https://www.reddit.com/r/196/comments/1of7kkm/screenshot_from_the_new_katamari_game_i_thought/,26,2,1761335407.0
1of9hoe,memes,"..""I drive""..",https://i.redd.it/gi0m5krbk4xf1.png,https://www.reddit.com/r/memes/comments/1of9hoe/i_drive/,26,1,1761340071.0
1ofbn1b,196,philosophy *sniffs* rule,https://i.redd.it/d0hkb13y05xf1.jpeg,https://www.reddit.com/r/196/comments/1ofbn1b/philosophy_sniffs_rule/,25,10,1761345658.0
1ofxesl,memes,egyptian tv ads be like,https://i.redd.it/qx1j35iemaxf1.jpeg,https://www.reddit.com/r/memes/comments/1ofxesl/egyptian_tv_ads_be_like/,25,8,1761413418.0
1ofoxov,memes,At least it's laughable :D,https://i.redd.it/0u7sagz3r8xf1.jpeg,https://www.reddit.com/r/memes/comments/1ofoxov/at_least_its_laughable_d/,25,5,1761390787.0
1ofb4ye,me_irl,me_irl,https://i.redd.it/0u8iauoww4xf1.png,https://www.reddit.com/r/me_irl/comments/1ofb4ye/me_irl/,25,3,1761344308.0
1ofskym,196,rule,https://i.redd.it/50z72z5cn9xf1.png,https://www.reddit.com/r/196/comments/1ofskym/rule/,25,2,1761401622.0
1ofshge,me_irl,me_irl,https://i.redd.it/06jglinlm9xf1.jpeg,https://www.reddit.com/r/me_irl/comments/1ofshge/me_irl/,25,1,1761401369.0
1ofw144,memes,So Real üò≠üò≠,https://i.redd.it/uexfdqwncaxf1.jpeg,https://www.reddit.com/r/memes/comments/1ofw144/so_real/,24,6,1761410134.0
1ofapqo,memes,It‚Äôs a interesting experience to just not use it anymore,https://i.redd.it/ppfj9ojht4xf1.jpeg,https://www.reddit.com/r/memes/comments/1ofapqo/its_a_interesting_experience_to_just_not_use_it/,24,4,1761343188.0
1of8xhx,memes,Commence body shutdown drill,https://i.redd.it/atnl0sl8g4xf1.jpeg,https://www.reddit.com/r/memes/comments/1of8xhx/commence_body_shutdown_drill/,24,3,1761338695.0
1ofwouj,funny,We found this bold-looking eggplant while picking our summer garden. Koda‚Äôs judging it. [OC],https://i.redd.it/2e42p148haxf1.jpeg,https://www.reddit.com/r/funny/comments/1ofwouj/we_found_this_boldlooking_eggplant_while_picking/,23,13,1761411704.0
1ofmlf5,memes,"Broadly accurate, yet dramatized for coolness",https://i.redd.it/qg78jbzq08xf1.jpeg,https://www.reddit.com/r/memes/comments/1ofmlf5/broadly_accurate_yet_dramatized_for_coolness/,23,6,1761381913.0
1of5sfq,AdviceAnimals,Go touch some grass folks,https://i.redd.it/hje6r3mvt3xf1.png,https://www.reddit.com/r/AdviceAnimals/comments/1of5sfq/go_touch_some_grass_folks/,23,3,1761331211.0
1ofmfcp,me_irl,me_irl,https://i.redd.it/gyltm62sy7xf1.jpeg,https://www.reddit.com/r/me_irl/comments/1ofmfcp/me_irl/,23,2,1761381252.0
1ofsv7b,196,Pizza Sad Posting,https://i.redd.it/vwzkewggp9xf1.png,https://www.reddit.com/r/196/comments/1ofsv7b/pizza_sad_posting/,22,14,1761402357.0
1ofvpb1,memes,He's seen it all,https://i.redd.it/rd05am4caaxf1.jpeg,https://www.reddit.com/r/memes/comments/1ofvpb1/hes_seen_it_all/,22,3,1761409351.0
1ofy470,lotrmemes,Fellowship of the Moneyball,https://i.redd.it/ipyb4c6hraxf1.jpeg,https://www.reddit.com/r/lotrmemes/comments/1ofy470/fellowship_of_the_moneyball/,22,2,1761415116.0
1ofcz0y,memes,Perfect margherita üçï,https://i.redd.it/fzsfdoiyb5xf1.jpeg,https://www.reddit.com/r/memes/comments/1ofcz0y/perfect_margherita/,21,94,1761349363.0
1ofsreb,memes,He read the fine print too late.,https://i.redd.it/uzylcfrqo9xf1.jpeg,https://www.reddit.com/r/memes/comments/1ofsreb/he_read_the_fine_print_too_late/,21,4,1761402091.0
1of6o9v,memes,It‚Äôs a vicious cycle,https://i.redd.it/w2kqfkx404xf1.jpeg,https://www.reddit.com/r/memes/comments/1of6o9v/its_a_vicious_cycle/,21,1,1761333280.0
1of8g2x,memes,"I want to be Jeff, anyone willing to sell one?",https://i.redd.it/zif94azoc4xf1.jpeg,https://www.reddit.com/r/memes/comments/1of8g2x/i_want_to_be_jeff_anyone_willing_to_sell_one/,20,5,1761337505.0
1of5zc3,196,Rul33,https://i.redd.it/pnr8u8fbv3xf1.jpeg,https://www.reddit.com/r/196/comments/1of5zc3/rul33/,20,3,1761331668.0
1oftzi1,196,woah‚Ä¶ pretty pokemon girl‚Ä¶,https://i.redd.it/25j2yjcrx9xf1.jpeg,https://www.reddit.com/r/196/comments/1oftzi1/woah_pretty_pokemon_girl/,20,2,1761405123.0
1ofs04g,MemeEconomy,Buy the 'Escaped the 9-to-5' format! This one's going down (just like my portfolio),https://i.redd.it/20dylctki9xf1.jpeg,https://www.reddit.com/r/MemeEconomy/comments/1ofs04g/buy_the_escaped_the_9to5_format_this_ones_going/,20,1,1761400122.0
1oflipt,196,Drinks are on me girules,https://i.redd.it/bs2zyjmzn7xf1.jpeg,https://www.reddit.com/r/196/comments/1oflipt/drinks_are_on_me_girules/,19,3,1761377657.0
1of87li,memes,When the lights do all the talking‚Ä¶,https://i.redd.it/v2iat0aza4xf1.jpeg,https://www.reddit.com/r/memes/comments/1of87li/when_the_lights_do_all_the_talking/,19,2,1761336926.0
1ofuxy6,antimeme,He shouldn't do that,https://i.redd.it/5kifomnq4axf1.jpeg,https://www.reddit.com/r/antimeme/comments/1ofuxy6/he_shouldnt_do_that/,19,2,1761407470.0
1of8rin,196,Finrule Destination,https://i.redd.it/j307z9nze4xf1.jpeg,https://www.reddit.com/r/196/comments/1of8rin/finrule_destination/,18,2,1761338276.0
1of5nhw,antimeme,Guys it's at atnas!,https://i.redd.it/a9vw6ty0t3xf1.jpeg,https://www.reddit.com/r/antimeme/comments/1of5nhw/guys_its_at_atnas/,17,7,1761330889.0
1of856m,196,Important day rule,https://i.redd.it/3o1odm8ia4xf1.gif,https://www.reddit.com/r/196/comments/1of856m/important_day_rule/,17,3,1761336767.0
1ofemmw,196,who up glazing their pumpkin holes?,https://i.redd.it/60xgntbkq5xf1.jpeg,https://www.reddit.com/r/196/comments/1ofemmw/who_up_glazing_their_pumpkin_holes/,17,2,1761354276.0
1ofjc1y,memes,What kind of monster would do that?,https://i.redd.it/iav3l9ouz6xf1.jpeg,https://www.reddit.com/r/memes/comments/1ofjc1y/what_kind_of_monster_would_do_that/,17,1,1761369504.0
1ofmf8r,PrequelMemes,"Maybe we should listen him out, guys. After all, he is the only Jedi with five wives!",https://i.redd.it/9fdazz7oy7xf1.jpeg,https://www.reddit.com/r/PrequelMemes/comments/1ofmf8r/maybe_we_should_listen_him_out_guys_after_all_he/,17,0,1761381241.0
1ofw0t6,memes,I know those fuckers are the same,https://i.redd.it/wm7jh0jlcaxf1.jpeg,https://www.reddit.com/r/memes/comments/1ofw0t6/i_know_those_fuckers_are_the_same/,16,4,1761410113.0
1of9ubp,196,Reddit Moment Rule,https://i.redd.it/ifap0kcxm4xf1.jpeg,https://www.reddit.com/r/196/comments/1of9ubp/reddit_moment_rule/,16,2,1761340944.0
1ofietk,memes,Too Deep For You,https://i.redd.it/kzyjxgd8q6xf1.jpeg,https://www.reddit.com/r/memes/comments/1ofietk/too_deep_for_you/,16,0,1761366303.0
1ofbsxi,memes,"I say this every now and then, so I finally turned it into a meme.",https://i.redd.it/8c62jxw925xf1.jpeg,https://www.reddit.com/r/memes/comments/1ofbsxi/i_say_this_every_now_and_then_so_i_finally_turned/,15,9,1761346106.0
1oflwc2,memes,I see him everytime I close my eyes.,https://i.redd.it/oqodm8oms7xf1.png,https://www.reddit.com/r/memes/comments/1oflwc2/i_see_him_everytime_i_close_my_eyes/,15,5,1761379184.0
1ofv6l9,memes,I‚Äôm gonna miss andre,https://i.redd.it/pywwkhhh6axf1.jpeg,https://www.reddit.com/r/memes/comments/1ofv6l9/im_gonna_miss_andre/,15,3,1761408056.0
1ofuhnu,196,Rul33,https://i.redd.it/z52t4vme1axf1.jpeg,https://www.reddit.com/r/196/comments/1ofuhnu/rul33/,15,2,1761406364.0
1ofaakt,196,Gege Rule pt. 2,https://i.redd.it/xr0bicsaq4xf1.jpeg,https://www.reddit.com/r/196/comments/1ofaakt/gege_rule_pt_2/,15,1,1761342079.0
1ofoh48,me_irl,Me_irl,https://i.redd.it/zw58rl74m8xf1.png,https://www.reddit.com/r/me_irl/comments/1ofoh48/me_irl/,15,1,1761389101.0
1ofvi9y,lotrmemes,A dog's gonna be a dog,https://i.redd.it/fq619c0t8axf1.png,https://www.reddit.com/r/lotrmemes/comments/1ofvi9y/a_dogs_gonna_be_a_dog/,15,0,1761408855.0
1ofni0q,me_irl,me_irl,https://i.redd.it/qm6c2sz2b8xf1.png,https://www.reddit.com/r/me_irl/comments/1ofni0q/me_irl/,15,0,1761385393.0
1ofiz8c,memes,Is this relatable to you?,https://i.redd.it/vagfg7y5w6xf1.jpeg,https://www.reddit.com/r/memes/comments/1ofiz8c/is_this_relatable_to_you/,14,6,1761368265.0
1of8gu8,memes,I just want to play without the horse spinning around,https://i.redd.it/ir0qofpuc4xf1.jpeg,https://www.reddit.com/r/memes/comments/1of8gu8/i_just_want_to_play_without_the_horse_spinning/,14,2,1761337558.0
1of66pg,HistoryMemes,"More than Office Politics, Korean Airlines 007, September 1, 1983,",https://i.redd.it/em6dxli4w3xf1.jpeg,https://www.reddit.com/r/HistoryMemes/comments/1of66pg/more_than_office_politics_korean_airlines_007/,14,0,1761332145.0
1ofrtcz,me_irl,me_irl,https://i.redd.it/bkypoexch9xf1.jpeg,https://www.reddit.com/r/me_irl/comments/1ofrtcz/me_irl/,14,0,1761399607.0
1ofx0ru,memes,So funny ha ha ha,https://i.redd.it/ayw9rchxiaxf1.png,https://www.reddit.com/r/memes/comments/1ofx0ru/so_funny_ha_ha_ha/,13,11,1761412492.0
1ofhhbk,memes,Star Wars Episode II,https://i.redd.it/rwmpz7z0h6xf1.png,https://www.reddit.com/r/memes/comments/1ofhhbk/star_wars_episode_ii/,13,3,1761363197.0
1ofmmi7,me_irl,me_irl,https://i.redd.it/gtymoab318xf1.jpeg,https://www.reddit.com/r/me_irl/comments/1ofmmi7/me_irl/,13,3,1761382030.0
1ofup4q,lotrmemes,The Duel above The Cliffs of Insanity,https://i.redd.it/hnx20njy2axf1.jpeg,https://www.reddit.com/r/lotrmemes/comments/1ofup4q/the_duel_above_the_cliffs_of_insanity/,13,1,1761406870.0
1ofuov5,lotrmemes,Some of the Wise were debating the levels of bromance throughout ALL of fiction when I broke their proverbial staves with this:,https://i.redd.it/pv89oelw2axf1.jpeg,https://www.reddit.com/r/lotrmemes/comments/1ofuov5/some_of_the_wise_were_debating_the_levels_of/,12,12,1761406852.0
1of9c1t,memes,AI what? Long live Chicken üêî,https://i.redd.it/l179rfq5j4xf1.png,https://www.reddit.com/r/memes/comments/1of9c1t/ai_what_long_live_chicken/,12,8,1761339681.0
1of8hkg,memes,Would you take the bucket?,https://i.redd.it/8ngqtlqzc4xf1.jpeg,https://www.reddit.com/r/memes/comments/1of8hkg/would_you_take_the_bucket/,12,5,1761337605.0
1of7ub0,antimeme,he is knocking on the door because the hinge is broken.,https://i.redd.it/iioxzccd84xf1.jpeg,https://www.reddit.com/r/antimeme/comments/1of7ub0/he_is_knocking_on_the_door_because_the_hinge_is/,12,4,1761336058.0
1offlrf,memes,Heaven Knows I'm Miserable Now,https://i.redd.it/st6vcgsbz5xf1.jpeg,https://www.reddit.com/r/memes/comments/1offlrf/heaven_knows_im_miserable_now/,12,1,1761357223.0
1ofthzo,memes,The odds are stacked,https://i.redd.it/tbxx5g09u9xf1.jpeg,https://www.reddit.com/r/memes/comments/1ofthzo/the_odds_are_stacked/,12,1,1761403943.0
1ofxxo2,196,rule,https://i.redd.it/45t7jo45qaxf1.jpeg,https://www.reddit.com/r/196/comments/1ofxxo2/rule/,12,1,1761414668.0
1of9fvv,surrealmemes,Employment,https://i.redd.it/8tzthkwvj4xf1.png,https://www.reddit.com/r/surrealmemes/comments/1of9fvv/employment/,12,0,1761339948.0
1ofrhbn,lotrmemes,Can't fault his logic.,https://i.redd.it/vp5v8xxke9xf1.jpeg,https://www.reddit.com/r/lotrmemes/comments/1ofrhbn/cant_fault_his_logic/,11,0,1761398685.0
1ofxkp5,me_irl,me irl,https://i.redd.it/p14us4vknaxf1.jpeg,https://www.reddit.com/r/me_irl/comments/1ofxkp5/me_irl/,11,0,1761413810.0
1ofxiaa,antimeme,"Sorry, not today. There is a lineup outside and we need clear tables",https://i.redd.it/fksspk64naxf1.png,https://www.reddit.com/r/antimeme/comments/1ofxiaa/sorry_not_today_there_is_a_lineup_outside_and_we/,10,6,1761413649.0
1of9e1w,memes,Balls 2 in 3D,https://i.redd.it/5ifdrkmkj4xf1.png,https://www.reddit.com/r/memes/comments/1of9e1w/balls_2_in_3d/,10,3,1761339820.0
1of6kay,memes,EDM artists today mostly do remakes of classics!,https://i.redd.it/gcfpqi2dz3xf1.jpeg,https://www.reddit.com/r/memes/comments/1of6kay/edm_artists_today_mostly_do_remakes_of_classics/,10,1,1761333019.0
1ofn52c,memes,"Rock beats scissors, scissors beat paper, paper beats rock, but...",https://i.redd.it/c4b1woxl68xf1.png,https://www.reddit.com/r/memes/comments/1ofn52c/rock_beats_scissors_scissors_beat_paper_paper/,10,1,1761383978.0
1ofqmix,me_irl,me irl,https://i.redd.it/7h36o7jl79xf1.jpeg,https://www.reddit.com/r/me_irl/comments/1ofqmix/me_irl/,10,0,1761396324.0
1ofw4o6,memes,Modern Cars be like,https://i.redd.it/lvlj1etbdaxf1.png,https://www.reddit.com/r/memes/comments/1ofw4o6/modern_cars_be_like/,9,5,1761410373.0
1ofliv7,memes,This will help you to understand color modes.,https://i.redd.it/3ghgi7awn7xf1.jpeg,https://www.reddit.com/r/memes/comments/1ofliv7/this_will_help_you_to_understand_color_modes/,9,1,1761377673.0
1ofulxu,memes,Best thought to make you feel better,https://i.redd.it/8yamfhu82axf1.jpeg,https://www.reddit.com/r/memes/comments/1ofulxu/best_thought_to_make_you_feel_better/,8,1,1761406655.0
1ofr2fw,memes,Peace was never an option.,https://i.redd.it/xt7ntqo8b9xf1.png,https://www.reddit.com/r/memes/comments/1ofr2fw/peace_was_never_an_option/,8,1,1761397550.0
1ofh020,memes,Some meme idea that came to my mind after watching Smiling Friends,https://i.redd.it/ltput5aec6xf1.jpeg,https://www.reddit.com/r/memes/comments/1ofh020/some_meme_idea_that_came_to_my_mind_after/,8,0,1761361618.0
1of8m1q,memes,POV When you go outside of reddit to find something for a comment but when you return reddit reloads,https://i.redd.it/dgy9r37wd4xf1.jpeg,https://www.reddit.com/r/memes/comments/1of8m1q/pov_when_you_go_outside_of_reddit_to_find/,7,2,1761337907.0
1ofvozc,memes,"The supply is low, help me replenish it by sending memes",https://i.redd.it/w64zttj9aaxf1.jpeg,https://www.reddit.com/r/memes/comments/1ofvozc/the_supply_is_low_help_me_replenish_it_by_sending/,7,2,1761409328.0
1ofmj4o,memes,Turns out I trained my replacement,https://i.redd.it/pt8nlwpzz7xf1.jpeg,https://www.reddit.com/r/memes/comments/1ofmj4o/turns_out_i_trained_my_replacement/,7,2,1761381661.0
1of6w0k,memes,those feels,https://i.redd.it/0gio58pi14xf1.jpeg,https://www.reddit.com/r/memes/comments/1of6w0k/those_feels/,6,4,1761333787.0
1of6ix5,memes,The real conspiracy,https://i.redd.it/cyrpwm73z3xf1.jpeg,https://www.reddit.com/r/memes/comments/1of6ix5/the_real_conspiracy/,6,2,1761332927.0
1ofvmf3,memes,Half the work is figuring out what to do,https://i.redd.it/h2edag7q9axf1.jpeg,https://www.reddit.com/r/memes/comments/1ofvmf3/half_the_work_is_figuring_out_what_to_do/,6,1,1761409146.0
1ofp6we,memes,"""An undertone is the same as a theme if I put it in quotation marks.""",https://i.redd.it/c8dmkitvt8xf1.gif,https://www.reddit.com/r/memes/comments/1ofp6we/an_undertone_is_the_same_as_a_theme_if_i_put_it/,6,1,1761391715.0
1ofhp0x,memes,No cardboard center for you!,https://i.redd.it/jvzd7nw5j6xf1.jpeg,https://www.reddit.com/r/memes/comments/1ofhp0x/no_cardboard_center_for_you/,6,0,1761363892.0
1ofexr9,dankmemes,Sigmund undone,https://i.redd.it/qrzmyt6dt5xf1.jpeg,https://www.reddit.com/r/dankmemes/comments/1ofexr9/sigmund_undone/,6,0,1761355217.0
1ofminr,PrequelMemes,Found on Discord,https://i.redd.it/dsmvogisz7xf1.png,https://www.reddit.com/r/PrequelMemes/comments/1ofminr/found_on_discord/,6,0,1761381611.0
1ofb7fy,memes,"Feels bad man, feels really bad.",https://i.redd.it/oup3dk3hx4xf1.jpeg,https://www.reddit.com/r/memes/comments/1ofb7fy/feels_bad_man_feels_really_bad/,5,3,1761344491.0
1ofbwww,memes,Is this anyone else rn,https://i.redd.it/v1gm4w2735xf1.jpeg,https://www.reddit.com/r/memes/comments/1ofbwww/is_this_anyone_else_rn/,5,2,1761346415.0
1ofnldc,me_irl,me irl,https://i.redd.it/qyzld8w5c8xf1.jpeg,https://www.reddit.com/r/me_irl/comments/1ofnldc/me_irl/,5,2,1761385762.0
1ofnjen,me_irl,Me_irl,https://i.redd.it/feoasfajb8xf1.jpeg,https://www.reddit.com/r/me_irl/comments/1ofnjen/me_irl/,5,0,1761385543.0
1ofbqt1,memes,The other eruption Pompeii,https://i.redd.it/3ffdi3ts15xf1.png,https://www.reddit.com/r/memes/comments/1ofbqt1/the_other_eruption_pompeii/,4,13,1761345946.0
1ofsjvz,memes,Elemental Propaganda,https://i.redd.it/vgtr79e4n9xf1.jpeg,https://www.reddit.com/r/memes/comments/1ofsjvz/elemental_propaganda/,4,0,1761401544.0
1ofyhst,me_irl,me irl,https://i.redd.it/7d1y6rl1uaxf1.jpeg,https://www.reddit.com/r/me_irl/comments/1ofyhst/me_irl/,4,0,1761415996.0
1ofysj4,me_irl,me irl,https://i.redd.it/x6inq5j7waxf1.jpeg,https://www.reddit.com/r/me_irl/comments/1ofysj4/me_irl/,3,2,1761416707.0
1ofvzox,me_irl,Me_irl,https://i.redd.it/7k7kp4eccaxf1.jpeg,https://www.reddit.com/r/me_irl/comments/1ofvzox/me_irl/,3,2,1761410034.0
1oftnsh,me_irl,me_irl,https://i.redd.it/doo19w9hv9xf1.jpeg,https://www.reddit.com/r/me_irl/comments/1oftnsh/me_irl/,3,0,1761404355.0
1ofv3d1,me_irl,me_irl,https://i.redd.it/9owed19u5axf1.jpeg,https://www.reddit.com/r/me_irl/comments/1ofv3d1/me_irl/,3,0,1761407839.0
1ofy5xt,me_irl,me_irl,https://i.redd.it/bdsuvlctraxf1.jpeg,https://www.reddit.com/r/me_irl/comments/1ofy5xt/me_irl/,2,1,1761415231.0
1ofwopc,me_irl,me_irl,https://i.redd.it/fek6im3bhaxf1.jpeg,https://www.reddit.com/r/me_irl/comments/1ofwopc/me_irl/,1,2,1761411695.0
1ofxcrl,PrequelMemes,Making a meme out of a line of dialogue from every Clone Wars episode - S4E2,https://i.redd.it/yptwlzyulaxf1.png,https://www.reddit.com/r/PrequelMemes/comments/1ofxcrl/making_a_meme_out_of_a_line_of_dialogue_from/,1,0,1761413288.0
1ofvay2,me_irl,me_irl,https://i.redd.it/06ao64tc7axf1.jpeg,https://www.reddit.com/r/me_irl/comments/1ofvay2/me_irl/,1,0,1761408349.0
1ofvapv,PrequelMemes,"The Acolyte wasn‚Äôt that bad, especially compared to the Prequels",https://i.redd.it/o6iqnuya7axf1.jpeg,https://www.reddit.com/r/PrequelMemes/comments/1ofvapv/the_acolyte_wasnt_that_bad_especially_compared_to/,0,17,1761408333.0
1of6gie,antimeme,"Aww, how nice that Pepe Le Pew is giving his wife a chance to rest",https://i.redd.it/sd250lrly3xf1.png,https://www.reddit.com/r/antimeme/comments/1of6gie/aww_how_nice_that_pepe_le_pew_is_giving_his_wife/,0,17,1761332764.0
1of7ghl,HistoryMemes,US colonization of Hawaii.,https://i.redd.it/crilwqxm54xf1.jpeg,https://www.reddit.com/r/HistoryMemes/comments/1of7ghl/us_colonization_of_hawaii/,0,11,1761335131.0
1ofb522,funny,I threw them a low-ball offer. Hoping for the best.,https://i.redd.it/spb6jojuw4xf1.jpeg,https://www.reddit.com/r/funny/comments/1ofb522/i_threw_them_a_lowball_offer_hoping_for_the_best/,0,6,1761344316.0
1ofu5ez,funny,Finally made it to the Hollywood sign!,https://i.redd.it/f1xvzluxy9xf1.jpeg,https://www.reddit.com/r/funny/comments/1ofu5ez/finally_made_it_to_the_hollywood_sign/,0,5,1761405519.0
1ofq84i,funny,Turned out to be an unexpected collage,https://i.redd.it/bnbicfuk39xf1.jpeg,https://www.reddit.com/r/funny/comments/1ofq84i/turned_out_to_be_an_unexpected_collage/,0,5,1761395122.0
1ofqizf,me_irl,Me_irl,https://i.redd.it/dq0i559r69xf1.jpeg,https://www.reddit.com/r/me_irl/comments/1ofqizf/me_irl/,0,2,1761396040.0
1of7s29,lotrmemes,Can't let her see the weakness,https://i.redd.it/3jsr470v74xf1.jpeg,https://www.reddit.com/r/lotrmemes/comments/1of7s29/cant_let_her_see_the_weakness/,0,1,1761335914.0
1of7su6,lotrmemes,You can give me what I seek,https://i.redd.it/69sxddj184xf1.jpeg,https://www.reddit.com/r/lotrmemes/comments/1of7su6/you_can_give_me_what_i_seek/,0,0,1761335966.0
